stroke_sign_vs_slider,vpp_v,freq_hz,voltage_amp_v,right_stroke_amp_rad,left_stroke_amp_rad,right_stroke_amp_deg,right_stroke_offset_deg,stroke_gain_deg_per_v,stroke_phase_deg,right_slider_amp_m,slider_phase_deg,transmission_ratio_rad_per_m,stroke_residual_ratio,measure_rows
-1.0,50.0,40.0,25.0,0.12660319021810787,0.12657511354540193,7.253828472389529,-0.039965084259014336,0.29015313889558114,1.3111547308059244,5.139091304485944e-05,1.3503267567261616,2463.5326114481595,0.0744746627943043,1000
-1.0,50.0,45.0,25.000000000000004,0.12979471156144903,0.12979270954938366,7.436689175588901,-0.04548339771375262,0.297467567023556,0.608117299330047,5.2567693106566004e-05,0.6635534195428363,2469.0965855839872,0.07285577668088454,1001
-1.0,50.0,50.0,24.999999999999993,0.13327822644250814,0.13325652160147322,7.636279876144605,-0.051244157226457136,0.3054511950457843,-0.30087818395864474,5.3895825461368745e-05,-0.21909144955384363,2472.885892396969,0.08291474895055977,1000
-1.0,50.0,55.0,24.99999999999999,0.13743829594227022,0.13738681459813734,7.874634300962072,-0.05667428973219823,0.314985372038483,-1.3018651938967594,5.5506928571193976e-05,-1.217123803410118,2476.056583926994,0.08226306374825462,1000
-1.0,50.0,60.0,25.0,0.14212490620796675,0.1419459283522473,8.143157289409167,-0.06693302643738021,0.3257262915763667,-2.529822020697793,5.734619539902914e-05,-2.4312194214754754,2478.3667899679513,0.0819575236565728,1000
-1.0,50.0,65.0,25.0,0.14760365461704208,0.14760997964240885,8.457066450263198,-0.079998474627104,0.3382826580105279,-3.8375929280410617,5.951526325698843e-05,-3.7293459283943093,2480.0974832235174,0.07067608272308412,1001
-1.0,50.0,70.0,25.000000000000007,0.15352827579453046,0.15346509498376024,8.79652223894711,-0.09173639352549612,0.3518608895578843,-5.583302963992793,6.187527689877973e-05,-5.467137519247842,2481.253959407465,0.07235186398067073,1001
-1.0,50.0,75.0,25.00000000000001,0.1600352820310661,0.1599646452218657,9.169346233565909,-0.12958970232338765,0.3667738493426362,-7.774239681781523,6.447047230060444e-05,-7.651446351476864,2482.3035464185004,0.0731019528232117,1000
-1.0,50.0,80.0,25.0,0.16760571925151363,0.16763028210911607,9.603100335366301,-0.12622077789207764,0.3841240134146521,-10.254891811188031,6.750012583975775e-05,-10.130326577502842,2483.043063495941,0.06805425890991161,1000
-1.0,50.0,85.0,25.000000000000004,0.1765954957981398,0.17653132621950668,10.118176590253674,-0.1419923812509342,0.4047270636101469,-13.085689210336398,7.109875737576558e-05,-12.963614362481593,2483.805657317063,0.05732061529947906,1001
-1.0,50.0,90.0,25.000000000000004,0.18570999591986787,0.1855903479640969,10.640398979600167,-0.16349567166694168,0.42561595918400663,-16.70875299417642,7.474524010162877e-05,-16.584097454555547,2484.572872698834,0.053620680769497366,1001
-1.0,50.0,95.0,24.999999999999993,0.1941313325997541,0.19413554867684987,11.122906029216361,-0.18615749174748494,0.4449162411686546,-21.203876706205392,7.811307934355793e-05,-21.076494638847976,2485.2602692299865,0.058346920326449524,1001
-1.0,50.0,100.0,24.999999999999993,0.20310713311176684,0.20303981731111495,11.637181516306056,-0.21240345614416828,0.4654872606522424,-26.417609724111173,8.170422580487144e-05,-26.284749575752556,2485.8828427899625,0.05253784291612104,1000
-1.0,50.0,105.0,24.99999999999998,0.21126162958755534,0.21127352021856338,12.10439974842304,-0.2333062636906288,0.484175989936922,-32.31565474967394,8.496530420086091e-05,-32.18062504501955,2486.4458683997127,0.04952291072524933,1000
-1.0,50.0,110.0,24.99999999999999,0.21822630824400432,0.2189261515104727,12.503446441102412,-0.2784597141028009,0.5001378576440967,-39.02422644991387,8.774345778063156e-05,-38.885402540369114,2487.094921533574,0.04746000727726061,1000
-1.0,50.0,115.0,25.000000000000004,0.22306339786667687,0.22295675497699974,12.780591261608075,-0.2955051503270542,0.5112236504643229,-45.953082830200515,8.967158179448135e-05,-45.8139305521571,2487.5595300405957,0.04514428157893601,1000
-1.0,50.0,120.0,25.0,0.22574248679586692,0.22578335879002426,12.93409175019089,-0.3649296352434265,0.5173636700076356,-53.454385742507625,9.07211340505365e-05,-53.309051350708245,2488.3120031338713,0.044263894994990186,1000
-1.0,50.0,125.0,24.999999999999996,0.22793273655768986,0.22760003605682766,13.059583817622878,-0.2691229379730017,0.5223833527049152,-60.90272456005435,9.161642492064234e-05,-60.777423854961114,2487.9025431861587,0.03838125327174378,1000
-1.0,50.0,130.0,25.0,0.22578566944348472,0.2258402433365479,12.93656593364759,-0.35691787394911195,0.5174626373459036,-68.84333022096959,9.071680999338793e-05,-68.70593494257096,2488.906625574042,0.037438724880758216,1001
-1.0,50.0,135.0,24.99999999999999,0.22025886529919636,0.22019667810527077,12.619903381984454,-0.32726690056049135,0.5047961352793784,-76.40450420686165,8.849321031614735e-05,-76.27086770463536,2488.9916922700427,0.04001495257170688,1001
-1.0,50.0,140.0,25.000000000000007,0.21413233963831152,0.2141679497842327,12.268879318537156,-0.32355673960974496,0.4907551727414861,-83.87345231282116,8.602523122286996e-05,-83.74355783878717,2489.180634499522,0.04092077527434313,1001
-1.0,50.0,145.0,24.999999999999996,0.20730159076949972,0.20737416040281545,11.877506237440478,-0.33866982730677464,0.4751002494976192,-91.24230913035532,8.327048258366432e-05,-91.11708155791604,2489.496690033202,0.03942268615111265,1001
-1.0,50.0,150.0,25.00000000000001,0.1967905094459736,0.1966809629279366,11.275265639483647,-0.3318156702467049,0.4510106255793457,-97.81956271382398,7.904537424224734e-05,-97.69804203241156,2489.5891926942777,0.047542560012618675,1000
-1.0,50.0,155.0,25.000000000000004,0.18841642960925983,0.18815963959693127,10.795466207534346,-0.3142180691810344,0.4318186483013738,-104.95848600363057,7.567789073538413e-05,-104.84249010326667,2489.715659069808,0.04570415008039478,1001
-1.0,50.0,160.0,25.0,0.1771750062357178,0.17716213999618954,10.151380092510673,-0.2943329359470794,0.4060552037004269,-110.29890493590563,7.116452792987257e-05,-110.18648633346123,2489.653362280584,0.0546870771207276,1000
-1.0,50.0,165.0,25.00000000000001,0.1677665329615035,0.16769539628713576,9.612314282236563,-0.2766885719901818,0.38449257128946235,-116.70804158240949,6.738351676928522e-05,-116.6016127577719,2489.7265830740216,0.0542756913178212,1001
-1.0,50.0,170.0,25.000000000000004,0.1574261885244472,0.15614318111093298,9.019856187281658,-0.2616540675985092,0.36079424749126626,-122.30151400002428,6.323139424241282e-05,-122.19927901133751,2489.683968076299,0.05715260087457868,1001
-1.0,50.0,175.0,24.999999999999996,0.1460473361716511,0.15058330243325993,8.367895971763934,-0.22572459976586243,0.3347158388705574,-126.9329174633702,5.866275782251588e-05,-126.83503158668277,2489.6091079372227,0.06645167829281157,1001
-1.0,50.0,180.0,25.000000000000004,0.13686910127120003,0.1361137351392669,7.842021848588412,-0.21507641694752178,0.31368087394353644,-134.1661236276795,5.497329987663513e-05,-134.07550654011067,2489.7377741257337,0.055572161280703664,1001
-1.0,50.0,185.0,25.00000000000001,0.11948516507962975,0.11850379396549242,6.845995673486709,-0.1788610072688431,0.27383982693946823,-139.6516280627967,4.798799210525194e-05,-139.56262587321257,2489.897156304503,0.06589534721886516,1001
-1.0,50.0,190.0,24.999999999999993,0.11531565493761967,0.11330792452460423,6.607100339712539,-0.17912759167943265,0.2642840135885016,-140.03332054608967,4.6316709439100045e-05,-139.9483305435937,2489.720369475805,0.10797880365216889,1001
-1.0,50.0,195.0,24.999999999999996,0.10655419358789181,0.10528763273299667,6.105105582006139,-0.16475526950178107,0.2442042232802456,-143.38689104099495,4.279644128956253e-05,-143.30338314379125,2489.790982080534,0.12701318147684532,1000
-1.0,50.0,200.0,24.999999999999993,0.09993815397836038,0.09931733281000266,5.726034435288607,-0.1338305268020661,0.22904137741154434,-145.71472679250414,4.014432021738894e-05,-145.6355969527204,2489.471821597096,0.14161722554958237,1000
-1.0,50.0,205.0,24.99999999999999,0.09255307199913088,0.09294896652897183,5.302900406520636,-0.12744176258616405,0.21211601626082552,-148.7223561498721,3.71784000623637e-05,-148.64357040439168,2489.431278481073,0.1407939577869483,1001
-1.0,50.0,210.0,24.99999999999998,0.08577479176543547,0.08596201030408854,4.91453355677294,-0.11555199577287135,0.19658134227091778,-150.35587290373815,3.445527187549448e-05,-150.27850010216676,2489.453343319599,0.17398327669225477,1000
-1.0,50.0,215.0,24.999999999999986,0.07941468675189967,0.08016249531253927,4.550126382237343,-0.10306834924603951,0.18200505528949382,-151.94958855368796,3.190279969954899e-05,-151.87411076385442,2489.2701424264765,0.183726686856847,1000
-1.0,50.0,220.0,24.99999999999999,0.07571068967034636,0.07544553374806114,4.337902982135565,-0.06900953606509011,0.17351611928542265,-154.28013082770534,3.0415024744691884e-05,-154.20846798001403,2489.2529368584387,0.18514448273775214,1000
-1.0,50.0,225.0,25.000000000000014,0.07065213529892196,0.07053058202543154,4.048069166215494,-0.10324074329249047,0.16192276664861965,-156.7506165672536,2.8377802851171357e-05,-156.6833301454028,2489.6971646980637,0.1912302229657362,1001
-1.0,50.0,230.0,25.000000000000004,0.06658896371344314,0.06619023964499718,3.815266582930078,-0.09229752500945716,0.15261066331720308,-157.62105673614371,2.6746081358871318e-05,-157.55458548484629,2489.6717698556045,0.18235631071932773,1000
-1.0,50.0,235.0,24.999999999999996,0.062200564679658225,0.06251343807904763,3.5638298394749137,-0.06820584288837135,0.14255319357899657,-158.32929271242122,2.4988286489319513e-05,-158.26397422466343,2489.1888728042227,0.1813042094019881,1001
-1.0,50.0,240.0,25.0,0.05857745130949383,0.05891718000538635,3.356240734667074,-0.0835512520653762,0.13424962938668294,-159.25855387800945,2.353210071416839e-05,-159.19514505540877,2489.2572074632103,0.18025771866011592,1000
-1.0,50.0,245.0,25.00000000000001,0.05585048238606267,0.055941689570466725,3.1999969244911344,-0.052240485058319755,0.12799987697964532,-160.58063469080707,2.2437506832632906e-05,-160.52198038526424,2489.1572313566603,0.18325398605391127,1000
-1.0,50.0,250.0,24.999999999999996,0.05361225915337977,0.05346695517587731,3.071756179650277,-0.0637631471153524,0.1228702471860111,-162.64406676445614,2.1535501706259663e-05,-162.58804986043174,2489.4827102076033,0.1770296133648133,1000
-1.0,50.0,255.0,25.000000000000007,0.050412637030873376,0.05047694628176871,2.88843133599397,-0.0700326003772917,0.11553725343975878,-163.10488324294076,2.0251981105910364e-05,-163.05040703827933,2489.269408619036,0.18287626381024014,1000
-1.0,50.0,260.0,25.0,0.048004689612881256,0.047898809962441655,2.750466111653598,-0.09230227849735796,0.11001864446614391,-164.36544570426182,1.928216540259277e-05,-164.30864906702877,2489.590178830554,0.17880760761223324,1001
-1.0,50.0,265.0,25.0,0.04607973996080042,0.04596121859932496,2.6401746208141894,-0.013358447774200994,0.10560698483256757,-164.86257707304208,1.851357080367388e-05,-164.81447746229452,2488.970952683868,0.18418591534536977,1000
-1.0,50.0,270.0,24.99999999999999,0.0433267676078088,0.043480209452149386,2.4824409238715703,-0.06650793210271798,0.09929763695486285,-165.33131305788064,1.7406029424527182e-05,-165.28069707642732,2489.181567552459,0.19284853790468295,1001
-1.0,50.0,275.0,24.999999999999982,0.041954213528147016,0.041755723086283995,2.403799367953487,-0.034181903685895076,0.09615197471813955,-167.11694265890247,1.6852405772317816e-05,-167.0668982622763,2489.5088627086143,0.19180307368754274,1001
-1.0,50.0,280.0,25.000000000000007,0.03980350950491069,0.03977127813578364,2.2805731044402395,-0.019398577532115224,0.09122292417760955,-167.06393537978065,1.5990985945112033e-05,-167.02336168486846,2489.121661511899,0.20039733153663475,1001
-1.0,50.0,285.0,25.0,0.03829726965561954,0.03835180201686607,2.1942719181414354,-0.018543376005892048,0.08777087672565742,-167.95309788162587,1.5386076925923867e-05,-167.91370063850917,2489.0860639785833,0.1941997947241849,1001
-1.0,50.0,290.0,24.999999999999996,0.03675065600137681,0.03658638945599636,2.1056574832160213,-0.036656871534501256,0.08422629932864087,-169.08550947615703,1.475956479098591e-05,-169.0322381595279,2489.9552609993953,0.20509212661750925,1001
-1.0,50.0,295.0,25.0,0.03479072463640126,0.03491611824666482,1.9933616878676077,0.0008364312532214246,0.07973446751470431,-168.4674958054762,1.3968802207717877e-05,-168.4007892653326,2490.601851114987,0.20511628523902758,1000
-1.0,50.0,300.0,25.00000000000001,0.03353281754097058,0.03345895003862004,1.9212889202798697,-0.160771623211627,0.07685155681119475,-169.24175353548566,1.3464004151729047e-05,-169.16086827208767,2490.5531194941213,0.2144328187614498,1000
-1.0,50.0,305.0,24.999999999999996,0.03204893262053061,0.032134126710164926,1.8362685770555534,-0.03826728214404935,0.07345074308222214,-169.36322082461055,1.2870416454614402e-05,-169.30133924684816,2490.123978003849,0.2406029855740401,1000
-1.0,50.0,310.0,25.000000000000004,0.031136997282481288,0.031119351250116233,1.7840185309964913,0.07597146355991637,0.07136074123985964,-170.67959424796,1.2509551875138988e-05,-170.65587611915115,2489.057769076587,0.21055191264550366,1001
-1.0,50.0,315.0,25.0,0.030237515706382407,0.030146027015863202,1.73248203293625,-0.07888787284217613,0.06929928131745,-172.05795398068815,1.214718839174323e-05,-172.01890659717878,2489.260455278331,0.22492468098592344,1001
-1.0,50.0,320.0,25.0,0.02877794767137033,0.028832141013184553,1.6488549446178553,-0.03279362224461586,0.06595419778471422,-171.3085687830086,1.1559830136095804e-05,-171.2658880377173,2489.478420752101,0.2560296228484985,1000
-1.0,50.0,325.0,24.999999999999996,0.02801158504961432,0.027989728840577755,1.6049456008146554,0.00148950926959522,0.06419782403258623,-172.641431787046,1.1253433111172429e-05,-172.61305836725822,2489.159065761396,0.24338215413536296,1001
-1.0,50.0,330.0,25.00000000000001,0.02726309403302065,0.027340704025393868,1.5620602245603814,-0.0637359662346712,0.06248240898241523,-173.8074470677975,1.0952110019844532e-05,-173.7726579069459,2489.3005990281,0.24534893816319298,1001
-1.0,50.0,335.0,25.00000000000003,0.02585914921937902,0.025906813960675578,1.4816201120694352,-0.02531976421238805,0.05926480448277734,-173.31532867492498,1.0388190653243321e-05,-173.28421056709303,2489.2832719916896,0.29380537063117107,1000
-1.0,50.0,340.0,25.000000000000004,0.02545379348923826,0.025492216704571274,1.4583949395309257,-0.028861676905975717,0.05833579758123702,-174.43009828576427,1.022569932250056e-05,-174.400545150868,2489.198311672426,0.2625023207336788,1001
-1.0,50.0,345.0,24.999999999999996,0.024679441416357493,0.02472530533564844,1.414027833897651,-0.02332921521041081,0.05656111335590605,-174.72071215350124,9.914643650930079e-06,-174.69203290603232,2489.1909669433603,0.270371773610845,1001
-1.0,50.0,350.0,24.999999999999996,0.02383957666689899,0.023949854506115604,1.3659071283918665,-0.013337871907111139,0.054636285135674666,-174.78031423834324,9.577264750078914e-06,-174.75055848708442,2489.1842597023915,0.282367557348844,1001
-1.0,50.0,355.0,25.0,0.022828044377546267,0.022974655525306333,1.3079505973707495,-0.024549190215799647,0.05231802389482998,-175.64330503221228,9.170864229764003e-06,-175.61734972328847,2489.1922730093356,0.3737760089243942,1000
-1.0,50.0,360.0,25.000000000000004,0.022564775083780932,0.022873618701366897,1.292866377962606,-0.03068440331890364,0.05171465511850423,-176.67258123357215,9.065257890627688e-06,-176.64764748689288,2489.1487209768197,0.3263227266028454,1001
-1.0,50.0,365.0,25.000000000000004,0.021866180869037882,0.02145438232765518,1.2528398778655734,-0.0019471212496206584,0.050113595114622926,-176.40200821149702,8.785121907693199e-06,-176.38474062818767,2489.0014161203044,0.5088089117737082,1000
-1.0,50.0,370.0,25.00000000000001,0.021601015461305727,0.02141069666629632,1.2376470191296551,-0.04970993748693558,0.04950588076518619,-178.39455159212554,8.677750819207068e-06,-178.3759967235113,2489.2412690042565,0.46496029441677755,1001
-1.0,50.0,375.0,24.999999999999996,0.020271062015448187,0.01995912400572234,1.1614462997331374,0.007506755057358606,0.046457851989325505,-177.1102304438987,8.144468486662035e-06,-177.08544259178544,2488.9361471096036,0.5660790795588043,1000
-1.0,50.0,380.0,24.999999999999993,0.020070106900983563,0.02009474284576039,1.149932419802746,-0.02984797042743129,0.04599729679210986,-178.09488944462998,8.063039585657622e-06,-178.0775773984578,2489.1489974430833,0.5144336221220429,1001
-1.0,50.0,385.0,25.000000000000007,0.0202891776912121,0.020184367861889995,1.1624842514974372,0.013676891255414018,0.046499370059897474,-178.40502889061253,8.152869520434342e-06,-178.39205064875284,2488.5934504850507,0.487259286398033,1001
-1.0,50.0,390.0,24.999999999999996,0.01886792421705882,0.019180863901339586,1.0810524258101486,-0.023527557024487465,0.04324209703240595,179.82680540878812,7.580180137667779e-06,179.8372963902117,2489.1129068687255,0.4142455430515785,1000
-1.0,50.0,395.0,25.0,0.018713295453103133,0.018559508872582873,1.072192850244163,0.00698915348411993,0.04288771400976652,179.5355525208309,7.519371018253348e-06,179.54717866049424,2488.6782960538085,0.3651445950086142,1000
-1.0,50.0,400.0,24.999999999999993,0.018363709004278948,0.018665734224011125,1.0521630221515712,-0.02942124091970176,0.04208652088606286,179.29340315162506,7.377702674954599e-06,179.30065394792905,2489.0822812118754,0.32631988990335764,1000
-1.0,100.0,40.0,50.0,0.2507864067281373,0.25084950995312877,14.36900266477354,-0.15303382547380684,0.2873800532954708,0.09652740959631956,0.00010178583680094469,0.18693692551138952,2463.8634864159185,0.04239609614628368,1000
-1.0,100.0,45.0,50.00000000000001,0.2567680194434727,0.25675664525402697,14.711723828044047,-0.17134540507155666,0.2942344765608809,-0.9437104982641245,0.00010396477210162558,-0.832910784882074,2469.759845118325,0.04455736102604422,1001
-1.0,100.0,50.0,49.999999999999986,0.263368172674644,0.263258862219643,15.089884752329796,-0.19451698992686495,0.30179769504659604,-2.2961072205497715,0.00010645748361807782,-2.1590715883905887,2473.9282173857505,0.04991111349890763,1000
-1.0,100.0,55.0,49.99999999999998,0.27078896801920166,0.2708706158407548,15.51506500620328,-0.22513747310655546,0.3103013001240657,-3.84215276872348,0.00010931603679613916,-3.684807784442853,2477.1202465397596,0.05106766628831778,1000
-1.0,100.0,60.0,50.00000000000001,0.27911199224384364,0.2788957259792939,15.991939167060409,-0.2732726568647471,0.31983878334120813,-5.8009493539164225,0.00011256838024022849,-5.622248057033744,2479.48839317222,0.050923974188564924,1000
-1.0,100.0,65.0,50.0,0.28859028777785667,0.28851593336387277,16.535005498137053,-0.3179725573238712,0.3307001099627411,-7.921491743062489,0.00011631227447268725,-7.729186878513076,2481.1679514153443,0.048013429343855926,1001
-1.0,100.0,70.0,50.000000000000014,0.29784147784650583,0.2978992015000348,17.065059644543993,-0.36425543432464685,0.3413011928908798,-10.592936425339104,0.00011998480951879111,-10.392034539342234,2482.326546510541,0.04811769097361574,1001
-1.0,100.0,75.0,50.00000000000002,0.308012409886412,0.3076622192139042,17.647811124144997,-0.4309154219433687,0.3529562224828998,-13.761702864321165,0.00012403505586063422,-13.552042724085595,2483.269006082399,0.04973530261521164,1000
-1.0,100.0,80.0,50.0,0.31764617779957827,0.317450122803511,18.19978536637798,-0.4365921752346967,0.3639957073275596,-17.270092839590035,0.0001278641285885132,-17.06688983471838,2484.247781657461,0.043682457976346005,1000
-1.0,100.0,85.0,50.0,0.3284901230606934,0.32832236378095503,18.82109766311077,-0.48217061597014604,0.3764219532622154,-21.19950151328129,0.00013217685707443526,-20.998976327960378,2485.2317594123497,0.03951093867771992,1001
-1.0,100.0,90.0,50.00000000000001,0.337609346883496,0.33752640527375083,19.34359070059251,-0.5205007904141726,0.38687181401185017,-25.73686442792649,0.00013580370262922082,-25.538100182521504,2486.0098829945505,0.03760999357281573,1001
-1.0,100.0,95.0,49.99999999999999,0.3459697232616914,0.3460054477052757,19.82260498220398,-0.5565366083622625,0.3964520996440797,-31.311088973369067,0.00013911641961581738,-31.114050696537618,2486.9079021521557,0.03917678941117139,1001
-1.0,100.0,100.0,49.999999999999986,0.34985703929863954,0.3496740029592105,20.045331784754627,-0.5936795878696292,0.40090663569509266,-36.331073102866526,0.0001406462732706595,-36.132694466191026,2487.495979544194,0.03534739182370054,1000
-1.0,100.0,105.0,49.99999999999996,0.3536409036838316,0.3535955523083728,20.262131244276,-0.6064243206471317,0.4052426248855203,-41.8568498287579,0.00014213881641326041,-41.66082559175396,2487.9966824519,0.034299263792261274,1000
-1.0,100.0,110.0,49.99999999999998,0.355009483437666,0.35491981254357474,20.34054508809776,-0.6573264039025907,0.40681090176195533,-47.65257387396116,0.00014264672682395428,-47.459456932702096,2488.7320679695413,0.032783812017346405,1000
-1.0,100.0,115.0,50.0,0.35436006602551906,0.3544771996494664,20.303336211239433,-0.690527284709199,0.4060667242247887,-53.48029836059814,0.0001423520306864138,-53.28936065721841,2489.3221706554796,0.031278329580832855,1000
-1.0,100.0,120.0,50.00000000000001,0.35147835882188155,0.3513203836211566,20.13822655067856,-0.6740943351313604,0.4027645310135711,-59.34062751813428,0.00014118105136437902,-59.158662865580936,2489.557595903851,0.029596387538659688,1000
-1.0,100.0,125.0,49.999999999999986,0.34856995717335704,0.3484325091666466,19.971587411089214,-0.6940562102221222,0.3994317482217844,-65.16194690098439,0.00013998472172135258,-64.98416171710254,2490.057149716703,0.027011697391211398,1000
-1.0,100.0,130.0,50.0,0.34207525970358965,0.3421876538453059,19.599468656857248,-0.6926972475393984,0.39198937313714494,-70.95169567355693,0.00013734939747198855,-70.76656594996233,2490.547945602408,0.022751779893670193,1001
-1.0,100.0,135.0,49.99999999999998,0.33341075237849127,0.33335007290031327,19.103028955568924,-0.7205808064116148,0.38206057911137864,-76.54272886593898,0.00013385486709126273,-76.37241030739708,2490.837723152574,0.024841721004207222,1001
-1.0,100.0,140.0,50.000000000000014,0.32432637846631784,0.3242910294837526,18.58253267088264,-0.7120579570157601,0.3716506534176527,-81.97274719876746,0.00013019454783183863,-81.8079549775468,2491.090324959099,0.02265456770588044,1001
-1.0,100.0,145.0,49.99999999999999,0.3147390836655826,0.31473827651486713,18.033221141852792,-0.7073417980009321,0.3606644228370559,-87.3368889258258,0.00012633497093084286,-87.17813492902991,2491.306099542891,0.019544724898511875,1001
-1.0,100.0,150.0,50.00000000000002,0.30211668003268677,0.30212784592900654,17.31001068637726,-0.6847998224058387,0.34620021372754506,-92.28245401449875,0.00012126658210849947,-92.12867290301072,2491.3432437831666,0.01690235370702177,1000
-1.0,100.0,155.0,50.00000000000001,0.2916583044505268,0.2916525097369291,16.710789904956822,-0.676507804723866,0.33421579809913643,-97.61830322162282,0.00011705543010922433,-97.47075354329263,2491.6255843781078,0.016283398201432264,1001
-1.0,100.0,160.0,50.0,0.27878272460774206,0.2787938865416988,15.973073521181538,-0.6500280938360646,0.31946147042363077,-102.29572467249868,0.00011188915546101267,-102.15293764995435,2491.5973622205306,0.01563893910375367,1000
-1.0,100.0,165.0,50.00000000000002,0.2672641745985444,0.2672628519711335,15.313109219544137,-0.6317564935515527,0.3062621843908826,-107.35581460894905,0.00010725883581529123,-107.21938712095107,2491.76837103468,0.015582334021806586,1001
-1.0,100.0,170.0,50.0,0.25483174146821896,0.2548200818234987,14.600783272097871,-0.6059346835992339,0.29201566544195745,-112.00297606132251,0.00010226839864427191,-111.87200369751677,2491.793602387576,0.016078423406072635,1001
-1.0,100.0,175.0,49.99999999999999,0.24224583165313207,0.24217005576127743,13.879663758361113,-0.5775908690626665,0.2775932751672223,-116.67928459613917,9.721704814370711e-05,-116.55388818607192,2491.804022840131,0.01841600499656884,1001
-1.0,100.0,180.0,50.00000000000001,0.2274400376470116,0.22710283445235385,13.031354249470319,-0.5422675465128481,0.26062708498940634,-122.04016704916572,9.127308071838587e-05,-121.92020303532635,2491.863272904697,0.026270479310996298,1001
-1.0,100.0,185.0,50.00000000000002,0.21119055157818192,0.21086519312116142,12.100327278469752,-0.49937903706666775,0.24200654556939494,-126.83777010541128,8.475207693630111e-05,-126.72179938872159,2491.8628452835537,0.03202741398812368,1001
-1.0,100.0,190.0,49.99999999999999,0.19554153830705623,0.1958379517854641,11.203704864490035,-0.462803853208187,0.22407409728980074,-128.6408260310218,7.84780061475794e-05,-128.5242496426159,2491.673118444633,0.02958366394513241,1001
-1.0,100.0,195.0,50.0,0.18810516090395765,0.18823895204148355,10.777631824426031,-0.4349306647375492,0.21555263648852063,-130.76637480177413,7.550109348864312e-05,-130.65445362565507,2491.42300081061,0.01828000256550976,1000
-1.0,100.0,200.0,49.999999999999986,0.17946169702504658,0.1794941502370159,10.282397823790651,-0.413192329331253,0.20564795647581308,-133.5144562909335,7.203516884337862e-05,-133.40721182368944,2491.3066757050083,0.013778814339363319,1000
-1.0,100.0,205.0,49.99999999999997,0.1702035401477552,0.1702505456223004,9.751944508651837,-0.3874620299644709,0.19503889017303686,-136.79159725593672,6.832119138243689e-05,-136.6892937042086,2491.2261730773753,0.014903285109755771,1001
-1.0,100.0,210.0,49.99999999999996,0.1616343450038629,0.16161873210229988,9.260965793082807,-0.3663911270666574,0.1852193158616563,-138.85028585067025,6.48849058369419e-05,-138.75138823353686,2491.0931582463236,0.009900317912836732,1000
-1.0,100.0,215.0,49.99999999999997,0.15319896203662742,0.1531772252607645,8.777653950483673,-0.34335592265674464,0.17555307900967357,-141.29638728008467,6.150139618556109e-05,-141.20134851806398,2490.983482300106,0.008917973177154587,1000
-1.0,100.0,220.0,49.99999999999998,0.1452491438736926,0.14522251427545455,8.322162921851062,-0.3221105152355891,0.16644325843702132,-143.58038592690727,5.831233803783453e-05,-143.48903915557767,2490.881840125348,0.00815030560203269,1000
-1.0,100.0,225.0,50.00000000000003,0.13822929664166905,0.13820339557777991,7.91995530262952,-0.3042582024362236,0.1583991060525903,-146.07082826611554,5.549610556312939e-05,-145.98356624582937,2490.7927365178234,0.008310205550595981,1001
-1.0,100.0,230.0,50.0,0.1307763693419902,0.13074346543811854,7.492934023340089,-0.282683241643267,0.14985868046680179,-147.66199858977362,5.250627957812921e-05,-147.57745838767426,2490.6805508357393,0.006859484344808528,1000
-1.0,100.0,235.0,49.99999999999999,0.12388017101345564,0.12384371023897221,7.097810964429886,-0.24669260714066105,0.14195621928859775,-149.57467163022739,4.9741938024247995e-05,-149.4926059361047,2490.4572667246507,0.01981643884179738,1001
-1.0,100.0,240.0,50.00000000000001,0.11810862429756966,0.11807112060323877,6.767125696347029,-0.2481556817265079,0.13534251392694055,-151.17558361633718,4.742379791028597e-05,-151.09724268853404,2490.492737865529,0.005840809255583824,1000
-1.0,100.0,245.0,50.00000000000002,0.11244026248701328,0.11240043606481649,6.442352487849014,-0.23332635490746131,0.12884704975698022,-152.7724805962374,4.514925974683969e-05,-152.69710952182956,2490.4120935201768,0.005374047691064954,1000
-1.0,100.0,250.0,49.999999999999986,0.1078411935674484,0.10780149198652682,6.178845249068155,-0.23178444930958933,0.12357690498136314,-154.47346131756458,4.330259920008254e-05,-154.40255370484414,2490.4092493192147,0.019436124394830973,1000
-1.0,100.0,255.0,50.000000000000014,0.10253753868927956,0.10249654416306772,5.87496820855511,-0.20702564850262734,0.11749936417110217,-155.88251707951696,4.1175496037745714e-05,-155.81335408285887,2490.2563066947164,0.0056297949022888595,1000
-1.0,100.0,260.0,50.0,0.09797087046912255,0.09792874451768391,5.613317393103594,-0.1966090210283905,0.11226634786207187,-157.2375224201399,3.9342750454228644e-05,-157.17063527951407,2490.188645633758,0.004412260600960804,1001
-1.0,100.0,265.0,50.0,0.09382792555544948,0.09378366064799139,5.375944134794936,-0.17002971680886086,0.10751888269589871,-158.29504318538935,3.76821936411643e-05,-158.2302309364797,2489.980452012517,0.020115892921894574,1000
-1.0,100.0,270.0,49.99999999999998,0.08942123508865402,0.0893736802120055,5.123459369427021,-0.17470190759449233,0.10246918738854047,-159.453202971962,3.5911210430631215e-05,-159.3906962544502,2490.0646348690134,0.004576803592252504,1001
-1.0,100.0,275.0,49.999999999999964,0.08584395115791274,0.08579668663796056,4.918496098075576,-0.16416755109195744,0.09836992196151159,-160.6679880249485,3.44757337258999e-05,-160.60820459272088,2489.981847534182,0.004225385068350203,1001
-1.0,100.0,280.0,50.000000000000014,0.08215140608929618,0.08210081140184342,4.706928849982003,-0.15571312622910327,0.09413857699964003,-161.56742353650455,3.299330868153415e-05,-161.50949326651897,2489.9414266770723,0.004219254389694483,1001
-1.0,100.0,285.0,50.0,0.07900520473709485,0.07895524108264036,4.5266647910025135,-0.14774276345644946,0.09053329582005026,-162.6455224972129,3.173045404105017e-05,-162.59002115116462,2489.8857304369053,0.0028523195662440446,1001
-1.0,100.0,290.0,49.99999999999999,0.07591187633402943,0.07586052108194426,4.3494301288589226,-0.14077191039830952,0.08698860257717847,-163.57377032955628,3.0488648667580282e-05,-163.52034292805251,2489.840634188204,0.002552677120070273,1001
-1.0,100.0,295.0,50.0,0.07269765142388292,0.07264175973219945,4.16526860710171,-0.13327935753071077,0.0833053721420342,-164.27311424217464,2.9197689163428837e-05,-164.2210991942795,2489.8426384694635,0.0024466069991530585,1000
-1.0,100.0,300.0,50.00000000000002,0.069969487429696,0.06991287316192132,4.008956324415247,-0.13075428485929724,0.08017912648830491,-165.15542214603417,2.8101998130020226e-05,-165.1050535941821,2489.840299112056,0.0029668504125631052,1000
-1.0,100.0,305.0,49.99999999999999,0.06743474196591781,0.06737803680323033,3.8637261072008267,-0.1284871732474965,0.07727452214401655,-165.99867150482746,2.7083998759799916e-05,-165.94969485100015,2489.8369906148964,0.005044294113745644,1000
-1.0,100.0,310.0,50.00000000000001,0.06522044497165817,0.06516378107497862,3.7368562348412455,-0.12261699688849788,0.0747371246968249,-166.93571494174537,2.619567595257533e-05,-166.88943375252194,2489.740867528416,0.0029901798965654737,1001
-1.0,100.0,315.0,50.0,0.06291517119971196,0.06285740149056246,3.6047737770865234,-0.11818747279285595,0.07209547554173047,-167.72366795557008,2.5270071794744568e-05,-167.6791594561953,2489.7108211934906,0.004501147937449346,1001
-1.0,100.0,320.0,50.0,0.06055858810553264,0.06049774522069329,3.469751511718168,-0.12141007731946887,0.06939503023436336,-168.3732102516774,2.432302555356361e-05,-168.32987176641868,2489.7637825595302,0.003264397305737801,1000
-1.0,100.0,325.0,49.99999999999999,0.0587618128583531,0.058700768801551624,3.366803873321205,-0.11209592158258437,0.06733607746642412,-169.21622254834278,2.3602447361379883e-05,-169.1754002930819,2489.6491435249904,0.0019652537516534428,1001
-1.0,100.0,330.0,50.00000000000002,0.056826310500766024,0.05676349828186815,3.2559077569938446,-0.10868522311355491,0.06511815513987687,-169.94016528346546,2.282533852669854e-05,-169.90120167698,2489.6152332766906,0.0019269265394228417,1001
-1.0,100.0,335.0,50.00000000000005,0.05467288323910954,0.054603650140626875,3.1325254634125144,-0.10807503589974918,0.06265050926825022,-170.57307716341847,2.1960196358699394e-05,-170.53567532359563,2489.6354452427845,0.002278070292215282,1000
-1.0,100.0,340.0,50.0,0.05324573358826311,0.05317914878214731,3.0507558116854447,-0.10133685380143387,0.061015116233708894,-171.35330092775666,2.138776546657495e-05,-171.31809571681606,2489.5416808023338,0.0018911505869003463,1001
-1.0,100.0,345.0,50.00000000000001,0.051589857985535906,0.05152133790091882,2.9558811282504944,-0.0977624568515575,0.05911762256500988,-172.04702066767572,2.072293167607426e-05,-172.01370611137938,2489.505770320093,0.00188804805571037,1001
-1.0,100.0,350.0,49.99999999999999,0.04999795870462992,0.049927472620686225,2.8646720180446708,-0.0935638633876817,0.05729344036089342,-172.7315083216995,2.0083814050615176e-05,-172.70001708411394,2489.465326587131,0.003437815452144305,1001
-1.0,100.0,355.0,50.0,0.04818813402025294,0.04810997425387136,2.7609767019712734,-0.09144763379133093,0.05521953403942547,-173.4213500188977,1.9356689958635153e-05,-173.39186182520396,2489.4821440664696,0.002086499303007095,1000
-1.0,100.0,360.0,50.00000000000001,0.04707668387236617,0.04700225081588207,2.6972952993581707,-0.08757057390149431,0.05394590598716341,-174.0942793281935,1.891083128236735e-05,-174.0666014616777,2489.403198063585,0.0020907137503547927,1001
-1.0,100.0,365.0,50.00000000000001,0.04538993531006156,0.045307931454343454,2.600651725638357,-0.08453148798316415,0.052013034512767134,-174.82386471164568,1.8233164298989635e-05,-174.79825493220216,2489.4162398666467,0.003561938816928008,1000
-1.0,100.0,370.0,50.00000000000002,0.04442938861616939,0.0443509215202424,2.545616454053091,-0.08043299767052275,0.050912329081061795,-175.4295337780711,1.7847953964982103e-05,-175.40571063336037,2489.3267151708465,0.007091022706145458,1001
-1.0,100.0,375.0,49.99999999999999,0.0428512667724935,0.042765322006279666,2.455196732853058,-0.07954075443981193,0.04910393465706117,-176.22009244818787,1.7213726606096982e-05,-176.1983939741726,2489.36605960245,0.004382266762131288,1000
-1.0,100.0,380.0,49.99999999999999,0.04154628711674155,0.04145734587801263,2.3804269062280365,-0.08357506783322849,0.047608538124560736,-176.9649419693012,1.6689220020690166e-05,-176.94499948912758,2489.408556255791,0.029452120344855323,1001
-1.0,100.0,385.0,50.000000000000014,0.04079219022079782,0.04070744360437869,2.3372203367465447,-0.07347509288521892,0.04674440673493088,-177.47450724832942,1.638729114434743e-05,-177.45624643635253,2489.2576730028086,0.002748817045991384,1001
-1.0,100.0,390.0,50.0,0.03938140489006166,0.0392881026182281,2.256388291496395,-0.07063272074166023,0.0451277658299279,-178.328449668683,1.5820395109259547e-05,-178.31270701511306,2489.280742869187,0.0030554881573435317,1000
-1.0,100.0,395.0,49.999999999999986,0.038325840584581924,0.038230507691707404,2.195908911787748,-0.06869655245461986,0.04391817823575497,-179.03017668658708,1.5396477691861998e-05,-179.01641240989608,2489.260293920312,0.003041603638586727,1000
-1.0,100.0,400.0,49.999999999999986,0.03729598293586213,0.03719818188691148,2.1369024150168374,-0.06635247687858785,0.04273804830033676,-179.7435478786221,1.4982890155917001e-05,-179.73178708194357,2489.238227588107,0.0032513749429856457,1000
-1.0,200.0,40.0,100.0,0.48570462452974594,0.48566623904825845,27.82882507554076,-0.5513302023078507,0.2782882507554076,-2.30055173223991,0.0001971569202052025,-2.1000352750042452,2463.543374608513,0.04106729741611094,1000
-1.0,200.0,45.0,100.00000000000001,0.4949585012972844,0.4949308691031352,28.359033158454878,-0.6117819872127562,0.2835903315845487,-3.9739992095084347,0.00020038945458925197,-3.7442433129800747,2469.982775849283,0.04584135122395206,1001
-1.0,200.0,50.0,99.99999999999997,0.5044576509348065,0.5047779182211145,28.903294341648124,-0.6853516205701397,0.28903294341648134,-5.947427740110754,0.0002038636708228063,-5.684582309091752,2474.4852719407263,0.04907362527861712,1000
-1.0,200.0,55.0,99.99999999999999,0.5157051720886032,0.5152901364199804,29.547729833744786,-0.7827225487478726,0.2954772983374479,-8.403743199582891,0.00020811663115571214,-8.113504554081175,2477.962329222764,0.04994044482719726,1000
-1.0,200.0,60.0,100.00000000000001,0.5263107270846433,0.5263962047894357,30.15538337441177,-0.876323869250215,0.30155383374411765,-11.20922694745471,0.0002121846660854527,-10.90044169699442,2480.4371437127475,0.049343112367005865,1000
-1.0,200.0,65.0,100.0,0.5376521238310458,0.5370911694767831,30.80519754176403,-0.977927037502964,0.3080519754176403,-14.263874890120093,0.00021658216691742248,-13.948330617302332,2482.4394892864816,0.047421159871108544,1001
-1.0,200.0,70.0,100.00000000000003,0.5475676165648455,0.5477575331631405,31.373313427203392,-1.0332741826743859,0.3137331342720338,-17.760457172097006,0.00022045054918279152,-17.44525231587164,2483.856894866783,0.045137979158597255,1001
-1.0,200.0,75.0,100.00000000000004,0.5560734636439232,0.5556674520977589,31.86066256601822,-1.0750680123544079,0.31860662566018205,-21.57762035946135,0.0002237668896208458,-21.26515502044299,2485.0569473711816,0.04244095864002273,1000
-1.0,200.0,80.0,100.0,0.563275839418843,0.5631635531106234,32.27332830038839,-1.1235189525322504,0.32273328300388393,-25.574556465009408,0.00022656652472819187,-25.26770750820566,2486.1388508059417,0.04037299178424972,1000
-1.0,200.0,85.0,100.00000000000001,0.5698144872781508,0.5696576883561758,32.64796522644898,-1.1571744475550363,0.3264796522644898,-29.7518438670094,0.000229117240867181,-29.45481390412371,2486.999603877351,0.03780239770648201,1001
-1.0,200.0,90.0,100.00000000000001,0.5732486838320565,0.573186028860783,32.84473019500615,-1.1797794161748174,0.32844730195006144,-34.06020738736481,0.00023043163756822864,-33.771912708146175,2487.7169206521085,0.03592285688374164,1001
-1.0,200.0,95.0,99.99999999999997,0.5742102971777926,0.5742990651373712,32.89982658124028,-1.1980183773925077,0.32899826581240293,-38.63211432551242,0.0002307578442111958,-38.35833894940663,2488.3674015096963,0.03718976282939921,1001
-1.0,200.0,100.0,99.99999999999997,0.575244722009845,0.5751309278989779,32.95909475834041,-1.2165306313281243,0.32959094758340424,-43.53580068430358,0.00023110528063573446,-43.26545023315535,2489.102457665341,0.03018620638248055,1000
-1.0,200.0,105.0,99.99999999999991,0.5711093161074121,0.5710372435008915,32.72215345355752,-1.2499761657535449,0.32722153453557545,-47.62416912838091,0.0002294016954328727,-47.36201131655349,2489.5601361173444,0.026891012162515243,1000
-1.0,200.0,110.0,99.99999999999999,0.5671583459815354,0.5671625838807186,32.49577954036251,-1.2607823331875396,0.3249577954036252,-51.87312652589347,0.0002277764672420762,-51.621946111181046,2489.9777964278064,0.0259144073061335,1000
-1.0,200.0,115.0,100.0,0.5620514058682986,0.5621140112108111,32.20317342564798,-1.2702369709925312,0.3220317342564798,-56.21176668662123,0.00022568703023811602,-55.97182922454418,2490.401886520878,0.024675343749672743,1000
-1.0,200.0,120.0,100.00000000000001,0.5556477666164913,0.5557699924934886,31.83627192299511,-1.2843079474957955,0.3183627192299511,-60.56930548043975,0.00022307605972390337,-60.340107597167986,2490.8444559411937,0.02338427972782194,1000
-1.0,200.0,125.0,99.99999999999997,0.5498409686004555,0.5500166334686141,31.50356690419132,-1.3007522411279167,0.31503566904191327,-64.98808313331449,0.00022070220162601328,-64.76977542095135,2491.32525434512,0.02226877831313351,1000
-1.0,200.0,130.0,100.0,0.5409604734576573,0.5411987199093669,30.994752012522554,-1.32576622330244,0.30994752012522553,-69.42613161162905,0.0002170897333880627,-69.21596891874175,2491.8749726899964,0.021436745966470848,1001
-1.0,200.0,135.0,99.99999999999996,0.5296934615030839,0.5299917663219972,30.349199779802056,-1.338408591884416,0.3034919977980207,-73.75465579504746,0.00021253092714153347,-73.55291917089417,2492.312383083608,0.020444590835805444,1001
-1.0,200.0,140.0,100.00000000000003,0.5181165923688822,0.5184651181527326,29.685894038437024,-1.354852045856504,0.29685894038437016,-78.12242860325665,0.0002078467413086602,-77.92859041080465,2492.781888744936,0.01968126243471355,1001
-1.0,200.0,145.0,99.99999999999996,0.505636584829447,0.5060201198306167,28.97084227813594,-1.369233938811113,0.28970842278135955,-82.52768955805759,0.00020280203216595542,-82.34172177983,2493.252061772627,0.019107923583383847,1001
-1.0,200.0,150.0,100.00000000000004,0.49000500378883594,0.49041173427830886,28.075218657392213,-1.3733015154167239,0.28075218657392204,-86.70759193460749,0.0001965054921156651,-86.52827964813844,2493.594446207204,0.018084960834319028,1000
-1.0,200.0,155.0,100.00000000000001,0.4755342345349875,0.47595072094701285,27.246104652839023,-1.3806585483774616,0.2724610465283902,-91.06685993142982,0.000190660893409701,-90.89412797883897,2494.136191385285,0.017906545156577382,1001
-1.0,200.0,160.0,100.0,0.45818023419456183,0.4585899147517873,26.251793675664036,-1.3751574271135492,0.26251793675664037,-95.10255056072886,0.00018368006043834614,-94.93535120635387,2494.4473183487116,0.016937742048834036,1000
-1.0,200.0,165.0,100.00000000000004,0.44188808110108013,0.44228382929944354,25.31832206422653,-1.3692838128961262,0.25318322064226517,-99.26663234102031,0.00017711530224321493,-99.10550688380873,2494.9175791388084,0.01679178760666203,1001
-1.0,200.0,170.0,100.00000000000001,0.42419077235274066,0.4245624783249637,24.304340964206727,-1.354065365707176,0.24304340964206722,-103.17554102219015,0.00016999960967845312,-103.01953730722556,2495.2455664755885,0.016251368394390054,1001
-1.0,200.0,175.0,99.99999999999999,0.40629037423752073,0.4066330729422291,23.27872370060069,-1.3327307495442247,0.23278723700600693,-106.93656698623366,0.0001628078227887153,-106.78533808612522,2495.5212057886565,0.015727771687916694,1001
-1.0,200.0,180.0,100.00000000000001,0.38842626186258705,0.3887376554481911,22.255185456769564,-1.3057445478780034,0.2225518545676956,-110.53824550441118,0.0001556357529559625,-110.39150082770618,2495.739278959207,0.015227349390166728,1001
-1.0,200.0,185.0,100.00000000000004,0.3708101079379824,0.37108930768028137,21.245854185636897,-1.2742328527861149,0.2124585418563689,-113.9752327738891,0.00014856759811452959,-113.83272174223076,2495.901614106515,0.014749036560708717,1001
-1.0,200.0,190.0,99.99999999999997,0.3523383405200765,0.35258000802491285,20.187499872443624,-1.2657267223610824,0.2018749987244363,-117.20745133320904,0.000141149444873989,-117.06777634828082,2496.207766418254,0.018338970935372907,1001
-1.0,200.0,195.0,100.0,0.33615048782370704,0.3363634658877038,19.26000423356218,-1.194906884117022,0.1926000423356218,-120.16815098097946,0.0001346762780915871,-120.03249154822757,2495.9888451558386,0.013337767604207912,1000
-1.0,200.0,200.0,99.99999999999997,0.32017149890570945,0.3203595150805524,18.344475607674607,-1.1534721314863485,0.18344475607674612,-123.10769507147953,0.00012827415544423664,-122.97586102301666,2495.993817280633,0.01293633691490952,1000
-1.0,200.0,205.0,99.99999999999994,0.3055646980950891,0.30573588712800065,17.507567569037793,-1.1115357341961336,0.17507567569037802,-126.04288228478765,0.0001224229810973413,-125.91569054406925,2495.9749824432693,0.013046265155032983,1001
-1.0,200.0,210.0,99.99999999999991,0.2902605580091733,0.290408982223509,16.630704933037833,-1.0672595215671772,0.1663070493303785,-128.48978046703155,0.00011629589736511989,-128.36522270085658,2495.879601821877,0.012066026937336341,1000
-1.0,200.0,215.0,99.99999999999994,0.2764485803581348,0.2765811489501663,15.839336906904313,-1.0233155408623127,0.15839336906904322,-130.96557606268883,0.00011076689497992737,-130.8446096832586,2495.7689787028103,0.011639681755871878,1000
-1.0,200.0,220.0,99.99999999999999,0.26341149215957604,0.2635299801675819,15.092366775987083,-0.9811680758820507,0.15092366775987084,-133.31123186261968,0.00010554841571978066,-133.19379950600867,2495.6461010168487,0.011187180674477479,1000
-1.0,200.0,225.0,100.00000000000006,0.2517830864465842,0.2518893319996461,14.426108206166834,-0.9425847419780038,0.14426108206166827,-135.6893257645246,0.00010089443376487088,-135.57602681884575,2495.5101788206803,0.01146964759000379,1001
-1.0,200.0,230.0,100.0,0.23947022047523714,0.23956173729914026,13.720632952298399,-0.8985306305465292,0.13720632952298398,-137.63235723686535,9.596704227492824e-05,-137.52171567871085,2495.33813691161,0.01023042031164686,1000
-1.0,200.0,235.0,99.99999999999999,0.22791202578245234,0.22798918023255713,13.058397177611322,-0.8280515792094632,0.13058397177611325,-139.72014268126264,9.134916789817363e-05,-139.61148910968313,2494.9545904622196,0.01877036252944332,1001
-1.0,200.0,240.0,100.00000000000001,0.2181702745133583,0.21823482094583602,12.50023594482602,-0.8204870435837295,0.1250023594482602,-141.5272266217641,8.744333677158756e-05,-141.42318049403238,2494.990271051128,0.009160826753678816,1000
-1.0,200.0,245.0,100.00000000000004,0.2084717368049916,0.20852279245347863,11.944550666688126,-0.7843489005577456,0.11944550666688121,-143.34002512801212,8.356200037886496e-05,-143.23922215849345,2494.8150577989227,0.00864475369344398,1000
-1.0,200.0,250.0,99.99999999999997,0.20054204044464474,0.2005832421847218,11.490212532420003,-0.772170012065427,0.11490212532420006,-145.10345674657805,8.038441863367908e-05,-145.00814753279286,2494.7874706731113,0.018169547961415546,1000
-1.0,200.0,255.0,100.00000000000003,0.19130467053504288,0.1913338980260374,10.960950222798674,-0.7174036690239459,0.10960950222798671,-146.79625938635706,7.669215365689517e-05,-146.70228322658141,2494.4490591684307,0.008329195639067682,1000
-1.0,200.0,260.0,100.0,0.18330089073314315,0.1833193664305518,10.502367419997764,-0.6880748658689269,0.10502367419997764,-148.38405932811511,7.348856129335744e-05,-148.29280109865684,2494.2778509627938,0.007596328704765698,1001
-1.0,200.0,265.0,100.0,0.17587131769323802,0.17587884971838805,10.076684241227019,-0.6346451693521997,0.10076684241227019,-149.7719254285949,7.052069480776671e-05,-149.6825672176782,2493.896552957227,0.018152616542293196,1000
-1.0,200.0,270.0,99.99999999999996,0.1678993557683165,0.1678950036389842,9.619924468490028,-0.6291396249477931,0.09619924468490032,-151.2463781171725,6.732258874760928e-05,-151.16043717975006,2493.95275629948,0.006798970406332154,1001
-1.0,200.0,275.0,99.99999999999993,0.16146401073924022,0.1614521187621921,9.251206358613464,-0.5977331668596654,0.0925120635861347,-152.67266144502628,6.474796216849337e-05,-152.58999141267753,2493.7311589677997,0.0065050808631575046,1001
-1.0,200.0,280.0,100.00000000000003,0.15457782739133477,0.1545555194672251,8.856657115825215,-0.5729692105256277,0.08856657115825212,-153.90525962497577,6.198977559624527e-05,-153.82493611674764,2493.601983626112,0.00617761018521818,1001
-1.0,200.0,285.0,100.0,0.14881175557996507,0.1487833790544682,8.526285536664377,-0.5507280376905246,0.08526285536664377,-155.2026514927125,5.968087432035687e-05,-155.12519847369379,2493.458034498098,0.005074519912177666,1001
-1.0,200.0,290.0,99.99999999999996,0.14300303427640487,0.14296727309600937,8.193470321602648,-0.5268010514568093,0.08193470321602651,-156.40217272285878,5.735481319614829e-05,-156.32739343003644,2493.304856339561,0.004686441425228948,1001
-1.0,200.0,295.0,100.0,0.1366667594904037,0.13661847746852804,7.8304285185296205,-0.5027535224666918,0.07830428518529621,-157.45667379631854,5.481584417950008e-05,-157.3842381796443,2493.198117005631,0.004293564935094119,1000
-1.0,200.0,300.0,100.00000000000004,0.1314811464140124,0.13142630599712166,7.533314775064549,-0.4815006587712926,0.07533314775064547,-158.56730480419964,5.273886981626847e-05,-158.49736067023886,2493.0596137548273,0.004092219034847168,1000
-1.0,200.0,305.0,99.99999999999996,0.12660627740194078,0.1265455299284848,7.254005354993736,-0.4582111803579951,0.0725400535499374,-159.62688675900873,5.078686368615765e-05,-159.55936824395914,2492.8941898109033,0.005363822871742443,1000
-1.0,200.0,310.0,100.00000000000001,0.12255134453715436,0.12248949931320116,7.021674815632582,-0.4487031408815422,0.07021674815632581,-160.74778871204418,4.916176439827417e-05,-160.68270854250338,2492.8182712143775,0.004145711950796984,1001
-1.0,200.0,315.0,100.0,0.11811339616803616,0.1180466704379593,6.7673991043851425,-0.4286897410955179,0.06767399104385143,-161.74552563014544,4.7383956840949664e-05,-161.68289499523036,2492.6874841731546,0.0034411927568757743,1001
-1.0,200.0,320.0,100.0,0.11323213159821424,0.11315460323901246,6.487723245847605,-0.4089238563842808,0.06487723245847606,-162.6189876287544,4.542742075059919e-05,-162.55862550975772,2492.5943345951623,0.003267016991288889,1000
-1.0,200.0,325.0,99.99999999999999,0.10991951276941697,0.10984282044909487,6.297924167821952,-0.39484517122405605,0.06297924167821953,-163.6234630417167,4.4100876657860645e-05,-163.56541351163008,2492.4564112905146,0.0024499882971199837,1001
-1.0,200.0,330.0,100.00000000000004,0.10609051508824509,0.10600936339842915,6.078538760925424,-0.37963788204941273,0.06078538760925421,-164.52165718122706,4.2566329410348735e-05,-164.46582961430911,2492.3576112356154,0.0022834203777650046,1001
-1.0,200.0,335.0,100.0000000000001,0.10151067410289721,0.10141768951106239,5.816133201623955,-0.3619071731993038,0.05816133201623949,-165.29964257556648,4.072967594783643e-05,-165.24572346246853,2492.3025224385437,0.003065011288726809,1000
-1.0,200.0,340.0,100.00000000000001,0.09897075840565742,0.09888149320920214,5.670606751853087,-0.3514639281870896,0.056706067518530856,-166.24090206947616,3.971259978600838e-05,-166.18941546515273,2492.175252664445,0.00210610709123102,1001
-1.0,200.0,345.0,100.00000000000003,0.0956584140154722,0.09556546344633048,5.48082339800164,-0.3384270079393136,0.05480823398001638,-167.0654922930954,3.8384792342556086e-05,-167.01612970692327,2492.0914814854564,0.0020968315329959117,1001
-1.0,200.0,350.0,99.99999999999999,0.09249267639105876,0.09239623196493633,5.2994399930769776,-0.32570206830566273,0.052994399930769785,-167.86817536646123,3.711570324921224e-05,-167.82089078386733,2492.0092654588693,0.0022049096621461874,1001
-1.0,200.0,355.0,100.0,0.08853132194923981,0.08842322022703664,5.072471102405349,-0.31134405781463675,0.050724711024053494,-168.57446387436846,3.5526343741463074e-05,-168.52899275104804,2491.9908052883643,0.0032911330946593176,1000
-1.0,200.0,360.0,100.00000000000001,0.08659471872001852,0.08649195859461273,4.9615119107795636,-0.3029513159894217,0.049615119107795626,-169.41793632142313,3.4750942665808515e-05,-169.37478349251927,2491.8667546022903,0.002339884542520842,1001
-1.0,200.0,365.0,100.00000000000001,0.0829384042669609,0.08282478187037323,4.752020524046678,-0.2895836460758805,0.047520205240466774,-170.10768022595863,3.32837800301848e-05,-170.0663429798796,2491.85651965446,0.0036811352860171343,1000
-1.0,200.0,370.0,100.00000000000004,0.08123514284264993,0.0811268425263396,4.654430833026218,-0.28180963223299677,0.046544308330262164,-170.89231936347687,3.2601863410064136e-05,-170.8533038366212,2491.733120309092,0.004043304122668489,1001
-1.0,200.0,375.0,100.00000000000003,0.07783720540962642,0.07771888216261047,4.459743359064454,-0.2701106516016043,0.04459743359064453,-171.5776186677993,3.123809458496687e-05,-171.54036793573488,2491.7398594178367,0.0038192430342335886,1000
-1.0,200.0,380.0,99.99999999999997,0.0751823069065009,0.07506090587382556,4.307628879799762,-0.2743134668466217,0.04307628879799763,-172.31797723533325,3.0171688412126915e-05,-172.28212286525235,2491.8163637233793,0.02370119439930118,1001
-1.0,200.0,385.0,100.0,0.07392200184596145,0.07380652002295852,4.235418718931872,-0.2539414468846906,0.04235418718931872,-173.0114111097066,2.966883447483169e-05,-172.9781808255643,2491.570806688415,0.0032384042493128254,1001
-1.0,200.0,390.0,100.0,0.07081605729268528,0.07069008398918734,4.057461204627502,-0.2417637611406195,0.040574612046275015,-173.6655118991243,2.842213258426711e-05,-173.6341674002493,2491.5814139817594,0.004407682471983816,1000
-1.0,200.0,395.0,99.99999999999997,0.06871169043284168,0.06858430194539882,3.936889865011265,-0.23495013370536202,0.039368898650112664,-174.34410923415194,2.7577893485752782e-05,-174.31476862005752,2491.549634432352,0.004689218197416612,1000
-1.0,200.0,400.0,99.99999999999997,0.06664519118264411,0.06651581132597377,3.8184881796079955,-0.22592976681119334,0.03818488179607996,-175.00463035590542,2.674903156096645e-05,-174.97719771939362,2491.4992167378564,0.004650618004035685,1000
